{"cameraMode":{"drawMode":0,"name":"Shaded","section":"Shading Mode"},"sceneLighting":false,"audioPlay":false,"sceneViewState":{"showFog":true,"showMaterialUpdate":false,"showSkybox":false,"showFlares":true,"showImageEffects":true,"showParticleSystems":true},"in2DMode":false,"pivot":{"x":0.06611739099025727,"y":0.05997669696807861,"z":0.1416696459054947},"rotation":{"x":-0.009296178817749024,"y":-0.972099781036377,"z":0.23109880089759828,"w":-0.03910331055521965},"size":2.857884645462036,"orthographic":false}